<?xml version="1.0" encoding="UTF-8"?>
<beans xmlns="http://www.springframework.org/schema/beans"
	xmlns:mvc="http://www.springframework.org/schema/mvc" xmlns:context="http://www.springframework.org/schema/context"
	xmlns:xsi="http://www.w3.org/2001/XMLSchema-instance" xmlns:task="http://www.springframework.org/schema/task"
	xsi:schemaLocation="
        http://www.springframework.org/schema/beans
        http://www.springframework.org/schema/beans/spring-beans.xsd
        http://www.springframework.org/schema/mvc
        http://www.springframework.org/schema/mvc/spring-mvc.xsd
        http://www.springframework.org/schema/context
        http://www.springframework.org/schema/context/spring-context.xsd
        http://www.springframework.org/schema/task
        http://www.springframework.org/schema/task/spring-task-3.0.xsd">


	<mvc:annotation-driven />

	<context:component-scan base-package="com.*" />

	<bean id="jspViewResolver"
		class="org.springframework.web.servlet.view.InternalResourceViewResolver">
		              <property name="prefix" value="/WEB-INF/jsp/" />
		               <property name="suffix" value=".jsp" />
	</bean>
	
	<!-- <bean id="properties"
		class="org.springframework.beans.factory.config.PropertiesFactoryBean"
		scope="prototype">
		<property name="location" value="WEB-INF/resources/properties/dt.properties" />
	</bean>


	<bean
		class="org.springframework.beans.factory.config.PropertyPlaceholderConfigurer"
		scope="prototype">
		<property name="location" value="WEB-INF/resources/properties/dt.properties" />
	</bean>

	<bean id="pgDataSourceVSearch"
		class="org.springframework.jdbc.datasource.DriverManagerDataSource">
		<property name="driverClassName" value="${pgDriverClassName}" />
		<property name="url" value="${pgDbUrlIPAllocation}" />
		<property name="username" value="${pgDbUsernameIPAllocation}" />
		<property name="password" value="${pgDbPasswordIPAllocation}" />
	</bean>

	<bean id="jdbtemplate" class="org.springframework.jdbc.core.JdbcTemplate">
		<property name="dataSource" ref="pgDataSourceVSearch"></property>
	</bean> -->

</beans>